type,name,notice,furigana
粗大ごみ,ⅠＨクッキングヒーター,,あ
燃やすごみ,アイスパック（アイスノン） ,,あ
燃やすごみ,アルバム,,あ
燃やすごみ,足拭きマット,,あ
燃やすごみ,油（食用）　　,,あ
燃やさないごみ,安全ピン,,あ
粗大ごみ,アイロン・アイロン台,,あ
粗大ごみ,アコーディオンカーテン,,あ
粗大ごみ,アンテナ（テレビ用） ,,あ
粗大ごみ,按摩器（マッサージ機） ,,あ
粗大ごみ,雨戸・網戸（木製・シャッター）２枚まで,,あ
燃やさないごみ,空きカン（スチール・アルミ） ,,あ
燃やさないごみ,空きびんふた（金属製） ,,あ
プラスチック製容器包装,空きびんふた（プラスチック製） ,,あ
燃やさないごみ,行火（あんか） ,,あ
燃やすごみ,インクカートリッジ,,い
燃やすごみ,衣類（下着類） ,,い
燃やすごみ,印鑑（木製・プラスチック製） ,,い
燃やすごみ,色鉛筆,,い
燃やすごみ,板,,い
燃やさないごみ,一升びん,,い
燃やさないごみ,一斗缶,,い
燃やさないごみ,印鑑（木製・プラスチック製以外） ,,い
粗大ごみ,いす,,い
粗大ごみ,イヤホン,,い
粗大ごみ,衣装ケース,,い
粗大ごみ,一輪車（運搬用・スポーツ用） ,,い
粗大ごみ,犬小屋,,い
燃やさないごみ,鋳物類,,い
燃やさないごみ,入れ歯,,い
燃やさないごみ,板ガラス,,い
粗大ごみ,板戸　２枚まで,,い
燃やすごみ,ウエットティッシュ,,う
燃やすごみ,うちわ,,う
燃やすごみ,植木,,う
燃やすごみ,運動靴,,う
燃やすごみ,浮き輪,,う
燃やすごみ,裏カーボン紙,,う
粗大ごみ,ウエットスーツ,,う
粗大ごみ,ウッドデッキ,,う
燃やさないごみ,植木鉢（プラスチック製） ,,う
燃やさないごみ,植木鉢（陶磁器製） ,,う
粗大ごみ,乳母車,,う
燃やさないごみ,腕時計,,う
燃やすごみ,鉛筆,,え
燃やすごみ,絵の具のチューブ（プラスチック製） ,,え
燃やすごみ,枝、剪定枝（自家処理：長さ50㎝以下で直径８㎝以下） ,,え
燃やさないごみ,LED電球、LED蛍光灯,,え
燃やさないごみ,延長コード,,え
燃やさないごみ,鉛筆削り（手動式） ,,え
粗大ごみ,エレクトーン,,え
粗大ごみ,液晶タブレット,,え
粗大ごみ,園芸用支柱（プラスチック製） ,,え
粗大ごみ,園芸用支柱（金属製） ,,え
粗大ごみ,鉛筆削り（電動式） ,,え
燃やさないごみ,枝切りバサミ,,え
粗大ごみ,枝、剪定枝（自家処理：長さ50㎝以上で直径８㎝以上） ,,え
燃やすごみ,オイル（食用） ,,お
燃やすごみ,おむつ,,お
燃やすごみ,おもちゃ（木製） ,,お
燃やすごみ,お玉（木製・プラスチック製） ,,お
燃やすごみ,お盆（プラスチック製） ,,お
燃やすごみ,お盆（木製） ,,お
燃やすごみ,落ち葉,,お
燃やさないごみ,おもちゃ（金属製） ,,お
燃やさないごみ,お玉（金属製） ,,お
燃やさないごみ,お盆（金属製） ,,お
粗大ごみ,オイルヒーター,,お
粗大ごみ,オーブントースター・レンジ,,お
粗大ごみ,オットマン,,お
粗大ごみ,おまる,,お
粗大ごみ,オルガン,,お
燃やさないごみ,折りたたみ傘粗大ごみ・,,お
粗大ごみ,置き時計,,お
燃やすごみ,カーテン,,か
燃やすごみ,カーボン紙,,か
燃やすごみ,かご（木製） ,,か
燃やすごみ,カセットテープ（ケース含む） ,,か
燃やすごみ,カッパ（レインコート） ,,か
燃やすごみ,カップ麺の容器・ふた（紙製） ,,か
燃やすごみ,かつら,,か
燃やすごみ,貝殻,,か
燃やすごみ,革製品・革靴,,か
燃やすごみ,鞄,,か
燃やすごみ,刈り草,,か
燃やすごみ,乾燥剤,,か
燃やすごみ,感熱紙,,か
燃やすごみ,換気扇カバー・フイルター・シート,,か
燃やすごみ,枯葉,,か
燃やすごみ,紙おむつ,,か
燃やすごみ,紙コップ,,か
燃やすごみ,紙製ねんど,,か
燃やさないごみ,カイロ（金属製・使い捨て） ,,か
燃やさないごみ,かぎ（鍵） ,,か
燃やさないごみ,かご（プラスチック製） ,,か
燃やさないごみ,カセットボンベ,,か
燃やさないごみ,カッターナイフ,,か
燃やさないごみ,カップ酒の容器,,か
燃やさないごみ,かま（鎌） ,,か
燃やさないごみ,カミソリ,,か
燃やさないごみ,カメラ,,か
プラスチック製容器包装,カップ麺の容器・ふた（プラスチック製） ,,か
粗大ごみ,カーテンレール,,か
粗大ごみ,カーペット,,か
粗大ごみ,カーステレオ・カーナビ,,か
粗大ごみ,カセットコンロ,,か
粗大ごみ,加湿器,,か
燃やさないごみ,花瓶（金属製） ,,か
燃やさないごみ,花瓶（陶器製） ,,か
プラスチック製容器包装,菓子袋（ビニール製） ,,か
粗大ごみ,蚊取り器（電気式） ,,か
粗大ごみ,蚊帳（かや） ,,か
燃やさないごみ,懐中電灯,,か
粗大ごみ,掛け時計,,か
粗大ごみ,換気扇（家庭用） ,,か
燃やさないごみ,缶,,か
燃やさないごみ,缶切り,,か
燃やさないごみ,鏡,,か
粗大ごみ,鏡台,,か
燃やさないごみ,金槌（かなづち） ,,か
燃やさないごみ,傘粗大ごみ・,,か
プラスチック製容器包装,買い物（レジ）袋,,か
燃やすごみ,額縁（木製） ,,が
燃やさないごみ,ガラスの破片,,が
燃やさないごみ,ガラス食器,,が
粗大ごみ,ガスコンロ,,が
粗大ごみ,ガスストーブ,,が
粗大ごみ,ガスレンジ,,が
粗大ごみ,学習机・椅子,,が
燃やさないごみ,額縁（プラスチック製） ,,が
燃やさないごみ,額縁（金属製） ,,が
燃やすごみ,キッチンマット,,き
燃やすごみ,キャッシュカード,,き
燃やすごみ,木（長さ50㎝以下で直径８㎝以下） ,,き
燃やすごみ,木槌（木づち） ,,き
粗大ごみ,キーボード（パソコン） ,,き
粗大ごみ,キーボード（楽器） ,,き
粗大ごみ,キャリーバッグ,,き
粗大ごみ,脚立,,き
燃やさないごみ,急須（金属製） ,,き
燃やさないごみ,急須（陶器製） ,,き
粗大ごみ,給湯器,,き
粗大ごみ,金庫（小型） ,,き
粗大ごみ,木（長さ50㎝以上で直径８㎝以上） ,,き
燃やさないごみ,牛乳びん,,ぎ
燃やすごみ,クッション,,く
燃やすごみ,クリーニングの袋,,く
燃やすごみ,クレパス・クレヨン,,く
燃やすごみ,空気清浄機のフィルター,,く
燃やすごみ,串（竹製・木製） ,,く
燃やすごみ,櫛（木製・プラスチック製） ,,く
燃やすごみ,靴,,く
燃やすごみ,靴べら（プラスチック製） ,,く
燃やすごみ,靴下,,く
燃やすごみ,口紅,,く
燃やすごみ,口紅容器（プラスチック製） ,,く
燃やすごみ,草花,,く
燃やすごみ,薬（錠剤・粒剤） ,,く
燃やさないごみ,クリアファイル,,く
燃やさないごみ,くわ,,く
粗大ごみ,空気清浄機,,く
燃やさないごみ,串（金属製） ,,く
燃やさないごみ,櫛（金属製） ,,く
燃やさないごみ,靴べら（金属製） ,,く
燃やさないごみ,口紅容器（金属製） ,,く
燃やさないごみ,鎖（くさり） ,,く
粗大ごみ,車イス,,く
燃やさないごみ,草刈り機の刃（家庭用） ,,く
粗大ごみ,草刈り機（電気式） ,,く
燃やさないごみ,釘（くぎ） ,,く
燃やすごみ,グローブ,,ぐ
燃やすごみ,軍手,,ぐ
燃やさないごみ,グローランプ（点灯管） ,,ぐ
燃やすごみ,ケチャップの容器,,け
燃やすごみ,結束バンド,,け
燃やすごみ,消しゴム,,け
燃やすごみ,毛糸,,け
燃やさないごみ,け蛍光灯,,け
燃やさないごみ,化粧品容器（ガラス製） ,,け
プラスチック製容器包装,化粧品容器（プラスチック製） ,,け
燃やさないごみ,珪藻土製品,,け
粗大ごみ,血圧計（電気式） ,,け
燃やさないごみ,剣山,,け
粗大ごみ,剣道の防具,,け
燃やすごみ,玄関マット（金属を含まない） ,,げ
燃やさないごみ,ゲームソフト（カセット・メモリーカード） ,,げ
燃やさないごみ,ゲームソフト（ディスク） ,,げ
粗大ごみ,ゲーム機・携帯ゲーム機,,げ
粗大ごみ,下駄箱,,げ
燃やさないごみ,玄関マット（金属を含む） ,,げ
燃やすごみ,こたつ布団,,こ
燃やすごみ,コップ（プラスチック製） ,,こ
燃やすごみ,コンタクトレンズ,,こ
燃やすごみ,固形燃料（着火剤） ,,こ
燃やすごみ,鯉のぼり,,こ
燃やさないごみ,コード,,こ
燃やさないごみ,コップ（ガラス製） ,,こ
燃やさないごみ,コップ（金属製） ,,こ
燃やさないごみ,こ碁石,,こ
粗大ごみ,コードリール,,こ
粗大ごみ,コーヒーメーカー,,こ
粗大ごみ,こたつ（ホームこたつ） ,,こ
粗大ごみ,コンポ,,こ
燃やさないごみ,工具（家庭用） ,,こ
粗大ごみ,米びつ,,こ
燃やすごみ,ゴーグル,,ご
燃やすごみ,ござ（い草・わら･葦など） ,,ご
燃やすごみ,ゴム手袋,,ご
燃やすごみ,ゴルフボール,,ご
燃やさないごみ,ござ（ビニール製） ,,ご
燃やさないごみ,ゴムホース,,ご
粗大ごみ,ごみバケツ・ごみペール,,ご
粗大ごみ,ゴルフクラブ・ゴルフバッグ,,ご
燃やすごみ,サッカーボール,,さ
燃やすごみ,サンダル,,さ
燃やすごみ,財布,,さ
燃やすごみ,作業服,,さ
燃やすごみ,皿（紙製） ,,さ
粗大ごみ,サイドボード,,さ
粗大ごみ,サーフボード,,さ
粗大ごみ,サッシ　２枚まで,,さ
燃やさないごみ,殺虫剤のスプレー缶,,さ
燃やさないごみ,皿（プラスチック類） ,,さ
燃やさないごみ,皿（陶磁器類） ,,さ
粗大ごみ,三脚,,さ
粗大ごみ,三面鏡,,さ
粗大ごみ,三輪車,,さ
燃やすごみ,ざる（竹製） ,,ざ
燃やすごみ,座布団,,ざ
燃やすごみ,残飯,,ざ
燃やさないごみ,ざる（プラスチック製） ,,ざ
燃やさないごみ,ざる（金属製） ,,ざ
粗大ごみ,座椅子・座卓,,ざ
粗大ごみ,ＣＤラジカセ,,し
燃やすごみ,シート（レジャー用） ,,し
燃やすごみ,シャープペンシル（プラスチック製） ,,し
燃やすごみ,しゃもじ（木製・プラスチック製） ,,し
燃やすごみ,下着,,し
燃やすごみ,湿布薬,,し
燃やすごみ,写真,,し
燃やすごみ,写真のネガ,,し
燃やすごみ,朱肉,,し
燃やすごみ,消臭剤,,し
燃やすごみ,食用油,,し
燃やさないごみ,しＣＤ（ケース含む） ,,し
燃やさないごみ,シャープペンシル（金属製） ,,し
プラスチック製容器包装,シャンプーの容器（ボトル） ,,し
粗大ごみ,七輪,,し
粗大ごみ,芝刈り機（電気式） ,,し
粗大ごみ,収納ケース・収納棚・収納ラック,,し
粗大ごみ,瞬間湯沸かし器,,し
粗大ごみ,照明器具,,し
粗大ごみ,障子　２枚まで,,し
プラスチック製容器包装,食品トレー,,し
粗大ごみ,食器洗浄機・乾燥機（卓上タイプ） ,,し
粗大ごみ,食器棚,,し
粗大ごみ,竹刀,,し
燃やすごみ,除湿剤,,じ
燃やすごみ,浄水器のフィルター,,じ
燃やすごみ,地下足袋,,じ
燃やすごみ,定規（木製・竹製） ,,じ
燃やさないごみ,ジョウロ（プラスチック製） ,,じ
燃やさないごみ,ジョウロ（金属製） ,,じ
粗大ごみ,じゅうたん,,じ
燃やさないごみ,磁石,,じ
粗大ごみ,自転車（各部品も含めて） ,,じ
粗大ごみ,浄水器,,じ
燃やさないごみ,定規（プラスチック製） ,,じ
燃やさないごみ,定規（金属製） ,,じ
燃やすごみ,スキーウェア・手袋,,す
燃やすごみ,ストッキング,,す
燃やすごみ,スプーン（プラスチック製、紙製、木製） ,,す
燃やすごみ,スポンジ,,す
燃やすごみ,スリッパ,,す
燃やすごみ,炭（墨） ,,す
燃やさないごみ,スキー靴,,す
燃やさないごみ,スケート靴,,す
燃やさないごみ,スケール（金属製） ,,す
燃やさないごみ,スコップ（プラスチック製） ,,す
燃やさないごみ,スコップ（金属製） ,,す
燃やさないごみ,スプーン（金属製） ,,す
燃やさないごみ,スプレー缶,,す
燃やさないごみ,スリ鉢,,す
燃やさないごみ,す水槽（ガラス製） ,,す
粗大ごみ,スーツケース・トランク,,す
粗大ごみ,スキー板・ストック,,す
粗大ごみ,スキャナー,,す
粗大ごみ,すだれ,,す
粗大ごみ,スチーム（オーブン）レンジ,,す
粗大ごみ,スチール棚,,す
粗大ごみ,ステレオ,,す
粗大ごみ,ストーブ,,す
粗大ごみ,スノーボード,,す
粗大ごみ,すのこ,,す
粗大ごみ,スピーカー,,す
粗大ごみ,スプリングマット,,す
粗大ごみ,すべり台（幼児用） ,,す
燃やさないごみ,硯（すずり） ,,す
粗大ごみ,姿見,,す
燃やさないごみ,水槽（プラスチック製） ,,す
燃やさないごみ,水筒（プラスチック製） ,,す
燃やさないごみ,水筒（金属製） ,,す
粗大ごみ,炊飯器,,す
燃やすごみ,ズック靴・スニーカー,,ず
粗大ごみ,ズボンプレッサー,,ず
燃やすごみ,生理用品,,せ
燃やすごみ,石けん,,せ
燃やすごみ,扇子,,せ
燃やさないごみ,瀬戸物,,せ
燃やさないごみ,石油ポンプ（手動式） ,,せ
粗大ごみ,石油ストーブ,,せ
粗大ごみ,石油ポンプ（電動式） ,,せ
粗大ごみ,扇風機,,せ
燃やさないごみ,洗濯物干し（プラスチック製） ,,せ
燃やさないごみ,洗面器（プラスチック製） ,,せ
粗大ごみ,洗濯物干し（組み立て式） ,,せ
粗大ごみ,洗面台（陶器部分のみ） ,,せ
燃やさないごみ,剪定ばさみ,,せ
燃やすごみ,ソースの容器,,そ
燃やすごみ,そろばん（算盤）（木製・プラスチック製） ,,そ
燃やさないごみ,ソース・しょうゆ差し（ガラス・陶器製） ,,そ
燃やさないごみ,ソース・しょうゆ差し（プラスチック製） ,,そ
粗大ごみ,ソーラーライト,,そ
粗大ごみ,ソファー,,そ
粗大ごみ,外付けハードディスク（HDD) ,,そ
粗大ごみ,掃除機,,そ
燃やすごみ,ぞうり,,ぞ
燃やすごみ,造花,,ぞ
燃やすごみ,雑巾（ぞうきん） ,,ぞ
燃やすごみ,タッパー,,た
燃やすごみ,たまごのパック（紙製） ,,た
燃やすごみ,たらい（木製） ,,た
燃やすごみ,たわし（プラスチック製） ,,た
燃やすごみ,竹（長さ50㎝以下で直径８㎝以下） ,,た
燃やさないごみ,タイヤチェーン,,た
燃やさないごみ,たらい（プラスチック製） ,,た
燃やさないごみ,たらい（金属製） ,,た
燃やさないごみ,たわし（金属製） ,,た
プラスチック製容器包装,たまごのパック（プラスチック製） ,,た
粗大ごみ,タンス,,た
粗大ごみ,建具　２枚まで,,た
粗大ごみ,高枝切ばさみ,,た
燃やさないごみ,体重計（アナログ） ,,た
粗大ごみ,体温計（電子式） ,,た
粗大ごみ,体重計・体脂肪計（デジタル） ,,た
燃やさないごみ,耐熱ガラス・食器,,た
粗大ごみ,竹ぼうき,,た
燃やすごみ,台所マット,,だ
燃やすごみ,脱臭剤,,だ
燃やさないごみ,ダンベル,,だ
燃やすごみ,チューブ類（吸引、CAPDなど）,,ち
燃やすごみ,ちり紙,,ち
燃やすごみ,茶殻,,ち
燃やすごみ,調理くず,,ち
粗大ごみ,チャイルドシート,,ち
粗大ごみ,ちゃぶ台,,ち
粗大ごみ,ち地球儀,,ち
燃やさないごみ,茶器,,ち
燃やさないごみ,茶碗,,ち
燃やさないごみ,彫刻刀,,ち
燃やすごみ,積み木（木製・プラスチック製） ,,つ
燃やさないごみ,つぼ（壺） ,,つ
燃やさないごみ,つめ切り,,つ
粗大ごみ,つ杖,,つ
粗大ごみ,机,,つ
プラスチック製容器包装,詰め換え用パック・ボトル,,つ
燃やさないごみ,使い捨てカイロ,,つ
燃やさないごみ,使い捨てライター,,つ
燃やすごみ,ティッシュ,,て
燃やすごみ,テニスボール,,て
燃やすごみ,テレホンカード,,て
燃やすごみ,手袋,,て
燃やすごみ,点滴バッグ,,て
粗大ごみ,テーブル,,て
粗大ごみ,テレビ台,,て
粗大ごみ,テント,,て
粗大ごみ,低周波治療器,,て
燃やさないごみ,鉄アレイ,,て
粗大ごみ,天体望遠鏡,,て
粗大ごみ,DVDプレーヤー,,で
燃やすごみ,デスクマット,,で
燃やさないごみ,DVD（ケース含む） ,,で
燃やさないごみ,デッキブラシ（プラスチック製） ,,で
粗大ごみ,デジタルカメラ・デジタルビデオカメラ,,で
燃やさないごみ,電気カバー（照明器具） ,,で
燃やさないごみ,電気配線カバー（プラスチック製） ,,で
燃やさないごみ,電球,,で
プラスチック製容器包装,電化製品などの緩衝材（発泡スチロール製） ,,で
粗大ごみ,電気カーペット,,で
粗大ごみ,電気かみそり,,で
粗大ごみ,電気こたつ,,で
粗大ごみ,電気スタンド,,で
粗大ごみ,電気ストーブ,,で
粗大ごみ,電気ポット,,で
粗大ごみ,電気毛布,,で
粗大ごみ,電子オルガン・電子ピアノ,,で
粗大ごみ,電子レンジ,,で
粗大ごみ,電子辞書・電子手帳,,で
粗大ごみ,電卓,,で
粗大ごみ,電卓,,で
粗大ごみ,電動ドリル（家庭用） ,,で
粗大ごみ,電動ベッド,,で
粗大ごみ,電動自転車,,で
粗大ごみ,電話機,,で
燃やすごみ,トレー（おぼん）［プラスチック製］ ,,と
燃やすごみ,籐製品,,と
プラスチック製容器包装,トレー（食品販売などの容器） ,,と
粗大ごみ,トースター,,と
粗大ごみ,トタン収集できません建築廃材の扱いですが、２枚までであれば「,,と
粗大ごみ,戸（とびら）２枚まで,,と
粗大ごみ,戸棚,,と
燃やさないごみ,時計,,と
粗大ごみ,鳥かご,,と
燃やさないごみ,塗料の容器（金属製） ,,と
燃やさないごみ,砥石（といし） ,,と
燃やさないごみ,陶器・陶磁器類,,と
燃やさないごみ,徳利（とっくり） ,,と
燃やすごみ,ドレッシングの容器（プラスチック製） ,,ど
燃やさないごみ,ドライバー（工具） ,,ど
粗大ごみ,ドライヤー,,ど
粗大ごみ,ドレッサー（鏡台） ,,ど
燃やさないごみ,土鍋,,ど
燃やさないごみ,土瓶（どびん） ,,ど
燃やすごみ,生ごみ,,な
燃やすごみ,長靴,,な
燃やすごみ,鍋敷き（木製・布製） ,,な
燃やすごみ,縄跳びの縄,,な
燃やさないごみ,なナイフ（包丁） ,,な
燃やさないごみ,生ごみ処理容器（プラスチック製） ,,な
粗大ごみ,生ごみ処理機（電気式） ,,な
燃やさないごみ,鍋,,な
プラスチック製容器包装,苗木のポット（家庭用） ,,な
燃やすごみ,ニス,,に
燃やすごみ,荷造りひも,,に
燃やすごみ,人形（プラスチック製） ,,に
燃やすごみ,人形（木製） ,,に
燃やすごみ,入浴剤,,に
燃やさないごみ,人形（金属製） ,,に
燃やさないごみ,人形（陶磁器） ,,に
燃やすごみ,ぬいぐるみ,,ぬ
燃やすごみ,ネット（家庭園芸用） ,,ね
燃やすごみ,寝袋（シュラフ） ,,ね
燃やさないごみ,ねじ（ビス） ,,ね
燃やさないごみ,粘土（教材用） ,,ね
燃やすごみ,ノーカーボン紙,,の
燃やさないごみ,のこぎり,,の
燃やすごみ,はがき,,は
燃やすごみ,はがき（圧着はがき） ,,は
燃やすごみ,ハンガー（プラスチック製） ,,は
燃やすごみ,ハンガー（木製） ,,は
燃やすごみ,ハンコ（木製・プラスチック製）,,は
燃やすごみ,花火・燃えかす,,は
燃やすごみ,歯ブラシ,,は
燃やすごみ,歯磨きチューブ（ビニール製） ,,は
燃やすごみ,廃油（食用） ,,は
燃やすごみ,箸（はし）［木製・竹製・プラスチック製］ ,,は
燃やさないごみ,はかり（アナログ式） ,,は
燃やさないごみ,はさみ,,は
燃やさないごみ,ハンガー（金属製） ,,は
燃やさないごみ,ハンコ（木製・プラスチック製以外） ,,は
燃やさないごみ,ハンマー（金属製） ,,は
粗大ごみ,はかり（デジタル式） ,,は
粗大ごみ,はしご,,は
粗大ごみ,ハロゲンヒーター,,は
燃やさないごみ,灰皿（金属製） ,,は
燃やさないごみ,灰皿（陶器・ガラス製） ,,は
燃やさないごみ,針,,は
燃やさないごみ,針金,,は
燃やさないごみ,刃物,,は
燃やさないごみ,柱時計,,は
燃やさないごみ,鉢（プラスチック製） ,,は
燃やさないごみ,鉢（陶磁器類） ,,は
燃やさないごみ,発泡スチロール（製品） ,,は
プラスチック製容器包装,発泡スチロール（緩衝材） ,,は
粗大ごみ,発電機（小型家庭用） ,,は
燃やすごみ,バスマット（足拭き用・浴室用）,,ば
燃やすごみ,バラン,,ば
燃やさないごみ,バインダー,,ば
燃やさないごみ,バケツ（プラスチック製） ,,ば
燃やさないごみ,バケツ（金属製） ,,ば
燃やさないごみ,バスマット（珪藻土） ,,ば
燃やさないごみ,バット（調理用金属製） ,,ば
粗大ごみ,バーベル,,ば
粗大ごみ,バット（野球用） ,,ば
粗大ごみ,バーベキューコンロ,,ば
粗大ごみ,パイプ椅子,,ぱ
粗大ごみ,パン焼き機,,ぱ
燃やすごみ,肥料の袋（家庭農園で使用） ,,ひ
燃やさないごみ,ひげそり（カミソリ）・替刃,,ひ
粗大ごみ,ひげそり（電動式） ,,ひ
燃やさないごみ,火箸（ひばし） ,,ひ
粗大ごみ,火鉢（ひばち） ,,ひ
燃やすごみ,ビーチサンダル,,び
燃やすごみ,ビデオテープ（ケース含む） ,,び
燃やすごみ,ビニールシート（家庭用） ,,び
燃やすごみ,ビニールひも,,び
燃やすごみ,ビニール風呂敷,,び
燃やすごみ,便せん,,び
燃やさないごみ,ビール瓶,,び
燃やさないごみ,ビール瓶のふた,,び
燃やさないごみ,ビー玉,,び
燃やさないごみ,ビニールホース,,び
燃やさないごみ,びん,,び
粗大ごみ,ビーチパラソル,,び
粗大ごみ,ビデオカメラ,,び
粗大ごみ,ビデオデッキ,,び
粗大ごみ,屏風（びょうぶ） ,,び
燃やすごみ,ピザの箱,,ぴ
粗大ごみ,ＦＡＸ（家庭用） ,,ふ
燃やすごみ,ファスナー（プラスチック製） ,,ふ
燃やすごみ,フィルム（ネガ） ,,ふ
燃やすごみ,フォーク（プラスチック製） ,,ふ
燃やすごみ,笛（木製・プラスチック製） ,,ふ
燃やすごみ,筆,,ふ
燃やすごみ,筆箱（布製・木製・プラスチック製） ,,ふ
燃やすごみ,布巾（ふきん） ,,ふ
燃やすごみ,布団,,ふ
燃やすごみ,封筒,,ふ
燃やすごみ,風船,,ふ
燃やすごみ,風呂のマット,,ふ
燃やさないごみ,ファスナー（金属製） ,,ふ
燃やさないごみ,フォーク（金属製） ,,ふ
燃やさないごみ,フライパン,,ふ
プラスチック製容器包装,フィルムケース,,ふ
プラスチック製容器包装,フラワーポット,,ふ
粗大ごみ,ファンシーケース,,ふ
粗大ごみ,ファンヒーター,,ふ
粗大ごみ,フードプロセッサー,,ふ
粗大ごみ,フローリングカーペット,,ふ
粗大ごみ,襖（ふすま）２枚まで,,ふ
燃やさないごみ,笛（金属製） ,,ふ
燃やさないごみ,筆箱（金属製） ,,ふ
粗大ごみ,布団乾燥機,,ふ
粗大ごみ,布団干し台,,ふ
燃やさないごみ,風鈴（金属製） ,,ふ
燃やさないごみ,風鈴（陶器製） ,,ふ
燃やさないごみ,風呂の椅子（プラスチック製） ,,ふ
粗大ごみ,風呂のふた,,ふ
燃やさないごみ,噴霧器（家庭用） ,,ふ
燃やすごみ,ブーツ,,ぶ
燃やすごみ,ブックエンド（プラスチック製） ,,ぶ
燃やすごみ,ブックエンド（木製） ,,ぶ
燃やすごみ,ブルーシート（家庭用） ,,ぶ
燃やすごみ,ブロック(おもちゃ)［木製］ ,,ぶ
燃やさないごみ,ブックエンド（金属製） ,,ぶ
燃やさないごみ,ブルーレイディスク（ケース含む） ,,ぶ
粗大ごみ,ブラインド,,ぶ
粗大ごみ,ブランコ（家庭用） ,,ぶ
粗大ごみ,仏壇,,ぶ
燃やさないごみ,文鎮（金属製） ,,ぶ
燃やさないごみ,文鎮（陶器製） ,,ぶ
燃やすごみ,プラモデル,,ぷ
燃やさないごみ,プランター,,ぷ
粗大ごみ,プリンター（パソコン用） ,,ぷ
燃やすごみ,ヘアーブラシ,,へ
燃やさないごみ,ヘルスメーター（アナログ式） ,,へ
燃やさないごみ,ヘルメット,,へ
粗大ごみ,ヘッドホン,,へ
粗大ごみ,へヘアードライヤー,,へ
燃やすごみ,ベニヤ板,,べ
燃やすごみ,ベビー布団,,べ
燃やすごみ,ベルト（ズボン用） ,,べ
粗大ごみ,ベッド,,べ
粗大ごみ,ベッドマット,,べ
粗大ごみ,ベビーカー・ベビーラック,,べ
粗大ごみ,ベビーバス,,べ
粗大ごみ,ベビーベッド,,べ
粗大ごみ,便座（温水洗浄機能付便座） ,,べ
燃やすごみ,ペットシート,,ぺ
燃やすごみ,ペン（プラスチック製） ,,ぺ
燃やさないごみ,ペール（ごみ箱） ,,ぺ
燃やさないごみ,ペン（金属製） ,,ぺ
燃やさないごみ,ペンチ,,ぺ
プラスチック製容器包装,ペットボトルのふた・ラベル,,ぺ
燃やすごみ,ほ乳瓶（プラスチック製） ,,ほ
燃やすごみ,保冷剤,,ほ
燃やすごみ,本立て（プラスチック製） ,,ほ
燃やすごみ,本立て（木製） ,,ほ
燃やさないごみ,ホース（ビニール・ゴム） ,,ほ
燃やさないごみ,ホーロー鍋,,ほ
燃やさないごみ,ホッチキス,,ほ
燃やさないごみ,ホッチキスの針,,ほ
燃やさないごみ,ホワイトボード,,ほ
燃やさないごみ,ほ乳瓶（ガラス製） ,,ほ
粗大ごみ,ホース（リール） ,,ほ
粗大ごみ,ホットカーペット,,ほ
粗大ごみ,ホットプレート,,ほ
粗大ごみ,歩行器,,ほ
粗大ごみ,補聴器,,ほ
燃やさないごみ,包丁,,ほ
燃やさないごみ,本立て（金属製） ,,ほ
粗大ごみ,本棚,,ほ
粗大ごみ,箒（ほうき） ,,ほ
燃やすごみ,ボウル（プラスチック製） ,,ぼ
燃やすごみ,ボウル（木製） ,,ぼ
燃やすごみ,ボードゲーム,,ぼ
燃やすごみ,ボール,,ぼ
燃やすごみ,ボールペン,,ぼ
燃やすごみ,ボタン（プラスチック製） ,,ぼ
燃やすごみ,帽子,,ぼ
燃やすごみ,防虫剤・シート（衣類用） ,,ぼ
燃やさないごみ,ボウル（ガラス製） ,,ぼ
燃やさないごみ,ボウル（金属製） ,,ぼ
燃やさないごみ,ボタン（金属製） ,,ぼ
燃やさないごみ,ボンベ（カセットコンロ用） ,,ぼ
燃やさないごみ,望遠鏡,,ぼ
粗大ごみ,防具（剣道） ,,ぼ
燃やさないごみ,ポット（魔法瓶） ,,ぽ
燃やさないごみ,ポリタンク・ポリ容器,,ぽ
粗大ごみ,ポータブルトイレ,,ぽ
粗大ごみ,ポータブルプレーヤ(CD・DVD等） ,,ぽ
粗大ごみ,ポスト,,ぽ
燃やすごみ,まくら,,ま
燃やすごみ,マジックペン,,ま
燃やすごみ,マッチ,,ま
燃やすごみ,まな板（プラスチック製） ,,ま
燃やすごみ,まな板（木製） ,,ま
燃やすごみ,マヨネーズの容器,,ま
燃やすごみ,マルチシート（家庭園芸用） ,,ま
燃やすごみ,窓付き封筒,,ま
燃やさないごみ,マイク,,ま
燃やさないごみ,麻雀パイ,,ま
粗大ごみ,マッサージ機（按摩器） ,,ま
粗大ごみ,マットレス,,ま
燃やさないごみ,豆電球,,ま
燃やさないごみ,魔法びん・ポット,,ま
燃やさないごみ,万年筆,,ま
燃やすごみ,耳かき（木製・竹製・プラスチック製） ,,み
燃やすごみ,水着,,み
燃やさないごみ,ミニカー（おもちゃ） ,,み
粗大ごみ,ミシン,,み
燃やすごみ,むしろ,,む
燃やすごみ,蒸し器（木・竹製） ,,む
燃やすごみ,虫取りかご（プラスチック製） ,,む
燃やすごみ,虫取り網（木製・プラスチック製） ,,む
燃やさないごみ,蒸し器（金属製） ,,む
燃やさないごみ,虫眼鏡・ルーペ,,む
燃やさないごみ,虫取りかご（金属製） ,,む
燃やすごみ,メガネ・サングラス（プラスチックレンズ） ,,め
燃やすごみ,メガネケース,,め
燃やすごみ,メジャー（ビニール製） ,,め
燃やすごみ,飯切り（すし桶） ,,め
燃やさないごみ,メジャー（金属製） ,,め
燃やさないごみ,メガネ・サングラス（ガラスレンズ） ,,め
燃やすごみ,毛布,,も
粗大ごみ,モップ,,も
粗大ごみ,物干し竿・物干し台,,も
粗大ごみ,物置,,も
粗大ごみ,餅つき機,,も
燃やすごみ,野菜くず,,や
燃やさないごみ,やかん（ケトル） ,,や
燃やさないごみ,焼きもの（陶磁器類） ,,や
燃やすごみ,湯たんぽ（プラスチック製） ,,ゆ
燃やさないごみ,湯たんぽ（金属製） ,,ゆ
燃やさないごみ,湯のみ,,ゆ
粗大ごみ,湯沸かし器・湯沸かしポット,,ゆ
燃やすごみ,よしず,,よ
燃やさないごみ,容器のキャップ（金属製） ,,よ
プラスチック製容器包装,容器のキャップ（プラスチック製） ,,よ
粗大ごみ,洋服ダンス,,よ
燃やすごみ,ラップ（家庭で使ったもの） ,,ら
燃やさないごみ,ライター,,ら
プラスチック製容器包装,ラップ（食品を買った時のもの）,,ら
粗大ごみ,ラケット（テニス・バドミントンなど） ,,ら
粗大ごみ,ラジオ,,ら
粗大ごみ,ラティス,,ら
燃やすごみ,リュックサック,,り
燃やすごみ,りリコーダー,,り
燃やすごみ,料理くず,,り
燃やさないごみ,リモコン,,り
燃やさないごみ,ルアー,,る
粗大ごみ,ルームランナー・ランニングマシーン,,る
燃やすごみ,レインコート,,れ
燃やすごみ,レジャーシート,,れ
プラスチック製容器包装,レジ袋,,れ
粗大ごみ,レンジ台,,れ
燃やすごみ,ロープ,,ろ
燃やすごみ,ろうそく（蝋燭） ,,ろ
燃やさないごみ,ローラースケート（ローラーブレード） ,,ろ
粗大ごみ,ロッカー,,ろ
燃やすごみ,わた（綿） ,,わ
燃やすごみ,割り箸,,わ
燃やすごみ,輪ゴム,,わ
燃やすごみ,和紙,,わ
粗大ごみ,ワゴン,,わ
粗大ごみ,ワープロ,,わ
粗大ごみ,和ダンス,,わ
